url,brewery,name
https://www.ratebeer.com/beer/allendale-wagtail-ale/132616/,ALLENDALE,Wagtail Best Bitter
https://www.ratebeer.com/beer/allendale-pennine-pale/203829/,ALLENDALE,Pennine Pale
https://www.ratebeer.com/beer/allendale-wolf/58598/,ALLENDALE,Wolf
https://www.ratebeer.com/beer/andwell-resolute-cask/103493/,ANDWELL,Resolute Bitter
https://www.ratebeer.com/beer/andwell-gold-muddler-cask/96834/,ANDWELL,Gold Muddler
https://www.ratebeer.com/beer/andwell-summer-daze/522392/,ANDWELL,Summer Daze
https://www.ratebeer.com/beer/andwell-king-john-bottle/130792/,ANDWELL,King John
https://www.ratebeer.com/beer/andwell-ruddy-darter-cask/114964/,ANDWELL,Ruddy Darter
,ANIMAL,Bear
,ANIMAL,Squawk
https://www.ratebeer.com/beer/arkells-wiltshire-gold/150229/,ARKELL,Wiltshire Gold
,ARKELL,Triple Bogey
https://www.ratebeer.com/beer/arkells-3b-cask/4243/,ARKELL,3B
https://www.ratebeer.com/beer/arkells-hoperation-ipa/434944/,ARKELL,Hoperation IPA
https://www.ratebeer.com/beer/arkells-moonlight-bottle/24421/,ARKELL,Moonlight
,ARKELL,Strawberries 'N' Cream
,ARUNDEL,Castle
https://www.ratebeer.com/beer/arundel-sussex-gold-cask/29821/,ARUNDEL,Sussex Gold
https://www.ratebeer.com/beer/arundel-wild-heaven/260731/,ARUNDEL,Wild Heaven APA
https://www.ratebeer.com/beer/ascot-alligator-ale/77209/,ASCOT,Alligator Ale
https://www.ratebeer.com/beer/aylesbury-california-dreaming/531910/,AYLESBURY,California Dreaming
https://www.ratebeer.com/beer/ayr-leezie-lundie/115476/,AYR,Leezie Lundie Pale Ale
https://www.ratebeer.com/beer/bt-shefford-blonde/263194/,AYR,Shefford Bitter
,AYR,Fruit Bat
https://www.ratebeer.com/beer/bt-hitchin-old-dark/255366/,AYR,Shefford Old Dark
,AYR,Shefford Old Strong
https://www.ratebeer.com/beer/bank-top-dark-mild/28959/,BANK TOP,Dark Mild
https://www.ratebeer.com/beer/beartown-ginger-bear/27687/,BEARTOWN,Ginger Bear
https://www.ratebeer.com/beer/beartown-peach-melbear/107934/,BEARTOWN,Peach Melbear
https://www.ratebeer.com/beer/binghams-vanilla-stout/143991/,BINGHAMS,Vanilla Stout
https://www.ratebeer.com/beer/black-sheep-golden-sheep-bottle/19326/,BLACK SHEEP,Golden Sheep
https://www.ratebeer.com/beer/black-sheep-pathmaker/358761/,BLACK SHEEP,Pathmaker Pale Ale
https://www.ratebeer.com/beer/black-tor-pride-of-dartmoor/236929/,BLACK TOR,Pride of Dartmoor
https://www.ratebeer.com/beer/black-tor-raven/431089/,BLACK TOR,Raven Bitter
https://www.ratebeer.com/beer/blue-square-abyss/454892/,BLUE SQUARE,Abyss Porter
https://www.ratebeer.com/beer/bond-goldi-hops/387290/,BOND,Goldi-Hops
https://www.ratebeer.com/beer/bond-best-of-british/388745/,BOND,Best of British
https://www.ratebeer.com/beer/bond-railway-porter/390652/,BOND,Railway Porter
,BOSUN'S,Razamataz Raspberry Wheat
https://www.ratebeer.com/beer/boutilliers-smoked-oatmeal-stout/444031/,BOUTILLIERS,Smoke Oatmeal Stout
https://www.ratebeer.com/beer/bradfield-farmers-yellow-jersey/269938/,BRADFIELD,Farmers Yellow Jersey
https://www.ratebeer.com/beer/brains-dark-bottle/6783/,BRAINS,Dark
,BREW BUDDIES,Session Buddy
http://www.ratebeer.com/beer/brew-buddies-best-bitter/378688/,BREW BUDDIES,Best Bitter
https://www.ratebeer.com/beer/brew-buddies-pa03-cascade-sybilla/527919/,BREW BUDDIES,Cascade Sybilla Pale Ale
https://www.ratebeer.com/beer/brew-buddies-wokka-apa/527765/,BREW BUDDIES,Wokka American Pale Ale
https://www.ratebeer.com/beer/buffys-hopleaf/5465/,BUFFYS,Hopleaf
https://www.ratebeer.com/beer/buffys-norwegian-blue/5467/,BUFFYS,Norwegian Blue
https://www.ratebeer.com/beer/burton-bridge-damson-porter/30534/,BURTON BRIDGE,Damson Porter
https://www.ratebeer.com/beer/bushys-old-bushy-tail/5483/,BUSHYS,Old Bushy Tail
https://www.ratebeer.com/brewers/canterbury-ales-canterbrew/12428/,CANTERBURY ALES,Kent Triple Gold
https://www.ratebeer.com/beer/castle-rock-black-gold-cask/25661/,CASTLE ROCK,Black Gold
https://www.ratebeer.com/beer/castle-rock-elsie-mo-cask/13853/,CASTLE ROCK,Elsie Mo
https://www.ratebeer.com/beer/caveman-palaeolithic/219309/,CAVEMAN,Palaeolithic
https://www.ratebeer.com/beer/caveman-megalithic/213595/,CAVEMAN,Megalithic
https://www.ratebeer.com/beer/church-hanbrewery-ale-x/492226/,CHURCH HANBREWERY,Ale X
https://www.ratebeer.com/p/westholme-stores-goring/9142/388623/,CHURCH HANBREWERY,Red Beeter
https://www.ratebeer.com/beer/church-hanbrewery-witty-bea/515255/,CHURCH HANBREWERY,Witty Bea
http://www.ratebeer.com/beer/church-hanbrewery-rauk/450440/,CHURCH HANBREWERY,Rauk
https://www.ratebeer.com/beer/church-hanbrewery-bluenette/480686/,CHURCH HANBREWERY,Bluenette
https://www.ratebeer.com/beer/church-hanbrewery-mat-black/478077/,CHURCH HANBREWERY,Mat Black
https://www.ratebeer.com/beer/church-hanbrewery-1-4-keeps-one-for-keeps/485108/,CHURCH HANBREWERY,1 4 Keeps
https://www.ratebeer.com/beer/church-hanbrewery-ze-braun/485075/,CHURCH HANBREWERY,Ze Braun
http://www.ratebeer.com/beer/clarks-classic-blonde/26333/,CLARKS,Classic Blonde
https://www.ratebeer.com/beer/clarkshaws-gorgons-alive/233816/,CLARKSHAWS,Gorgon's Alive
https://www.ratebeer.com/beer/clarkshaws-phoenix-rising/233995/,CLARKSHAWS,Phoenix Rising
https://www.ratebeer.com/beer/clarkshaws-strange-brew-1/237153/,CLARKSHAWS,Strange Brew No.1
https://www.ratebeer.com/beer/clarkshaws-hellhound-ipa/238571/,CLARKSHAWS,Hellhound IPA
https://www.ratebeer.com/brewers/coach-house/730/,COACH HOUSE,Coachmans Summer Ale
https://www.ratebeer.com/beer/coach-house-dick-turpin/22632/2/1/,COACH HOUSE,Dick Turpin
https://www.ratebeer.com/beer/coach-house-apricot/306258/,COACH HOUSE,Apricot
https://www.ratebeer.com/beer/coach-house-banoffee-bitter/47044/,COACH HOUSE,Banoffee
https://www.ratebeer.com/beer/coach-house-blueberry-classic-bitter/76994/,COACH HOUSE,Blueberry
https://www.ratebeer.com/beer/coach-house-cherry/148801/,COACH HOUSE,Cherry
https://www.ratebeer.com/beer/coach-house-coconut/148218/,COACH HOUSE,Coconut
https://www.ratebeer.com/beer/coach-house-cranberry/109613/,COACH HOUSE,Cranberry
,COACH HOUSE,Lemon and Ginger- 5.0%
https://www.ratebeer.com/beer/coach-house-passion-fruit/79654/,COACH HOUSE,Passion Fruit
https://www.ratebeer.com/beer/coach-house-pineapple/146465/,COACH HOUSE,Pineapple
https://www.ratebeer.com/beer/coach-house-pink-grapefruit/123218/,COACH HOUSE,Pink Grapefruit
,COACH HOUSE,Raspberry
https://www.ratebeer.com/beer/coach-house-strawberry/65604/,COACH HOUSE,Strawberry
https://www.ratebeer.com/beer/coastal-merry-maidens-mild/75967/,COASTAL,Merry Maidens Mild
https://www.ratebeer.com/beer/coastal-poseidon-extra-cask/289022/,COASTAL,Poseidon Extra
https://www.ratebeer.com/beer/coastal-cornish-cascade/336524/,COASTAL,Cornish Cascade
,COTLEIGH,Calypso
https://www.ratebeer.com/beer/daleside-old-leg-over/5504/,DALESIDE,Brewery Best Bitter
https://www.ratebeer.com/beer/dark-star-hophead/16389/,DARK STAR,Hophead
https://www.ratebeer.com/beer/dark-star-partridge/137531/,DARK STAR,Partridge Best
https://www.ratebeer.com/beer/dark-star-espresso-stout-keg-bottle/60939/,DARK STAR,Espresso
https://www.ratebeer.com/beer/dark-star-sunburst-bottle/60940/,DARK STAR,Sunburst
https://www.ratebeer.com/beer/dark-star-american-pale-ale/32386/,DARK STAR,American Pale Ale
https://www.ratebeer.com/beer/donnington-bb/22326/,DONNINGTON,BB
https://www.ratebeer.com/beer/donnington-gold/227506/,DONNINGTON,Gold
https://www.ratebeer.com/beer/donnington-sba/22327/,DONNINGTON,SBA
https://www.ratebeer.com/beer/dorking-pacific-gold/514416/,DORKING,Pacific Gold
https://www.ratebeer.com/beer/dorking-pilcrow-pale/456596/,DORKING,Pilcrow Pale
https://www.ratebeer.com/beer/dorking-db-number-one-cask/110466/,DORKING,DB One
https://www.ratebeer.com/beer/dorking-lunar-white/514413/,DORKING,Lunar White
https://www.ratebeer.com/beer/dorking-buffalo-buffalo/346318/,DORKING,Buffalo Buffalo
https://www.ratebeer.com/beer/downton-bogus-buffalo-apa/346694/,DOWNTON,Bogus Buffalo
https://www.ratebeer.com/beer/downton-chocolate-orange-delight/81462/,DOWNTON,Chocolate Orange Delight
https://www.ratebeer.com/brewers/elgoods/703/,ELGOODS,Beer Goggles
https://www.ratebeer.com/beer/elland-nettlethrasher/31743/,ELLAND,Nettlethrasher
https://www.ratebeer.com/beer/elland-1872-porter/23663/,ELLAND,1872 Porter
https://www.ratebeer.com/beer/errant-comanche-porter/444691/,ERRANT,Comanche Porter
https://www.ratebeer.com/beer/first-chop-jam/432440/,FIRST CHOP,JAM Mango Pale Ale
https://www.ratebeer.com/beer/first-chop-pod/390352/,FIRST CHOP,POD Vanilla Stout
https://www.ratebeer.com/beer/five-points-pale/216464/,FIVE POINTS,Pale
https://www.ratebeer.com/beer/five-points-brick-field-brown/426225/,FIVE POINTS,Brick Field Brown
https://www.ratebeer.com/beer/five-points-hook-island-red/211968/,FIVE POINTS,Hook Island Red
https://www.ratebeer.com/beer/flying-monk-jackdaw-porter/418662/,FLYING MONK,Jackdaw Porter
https://www.ratebeer.com/beer/franklins-english-garden/216723/,FRANKLINS,English Garden
https://www.ratebeer.com/beer/fullers-london-pride-pasteurised/288/,FULLERS,London Pride
https://www.ratebeer.com/beer/fullers-esb-bottle-keg/290/,FULLERS,ESB
https://www.ratebeer.com/beer/gales-seafarers-ale--best-bitter--english-ale-cask/78072/,GALES,Seafarers
https://www.ratebeer.com/beer/gales-beachcomber-cask/281035/,GALES,Beachcomber
https://www.ratebeer.com/beer/gales-hsb/4330/,GALES,HSB
https://www.ratebeer.com/beer/goachers-real-mild-ale/17006/,GOACHERS,Real Mild
https://www.ratebeer.com/beer/godstone-not-so-black-white-stout/446382/,GODSTONE,Not So Black & White
https://www.ratebeer.com/beer/godstone-trenchmans-hop/473106/,GODSTONE,Trenchmans Hop
https://www.ratebeer.com/beer/godstone-pondtail-pale/447014/,GODSTONE,Pondtail Pale
https://www.ratebeer.com/beer/godstone-bitter-entropy/406689/,GODSTONE,Bitter Entropy
https://www.ratebeer.com/beer/grafton-framboise/211852/,GRAFTON,Framboise Raspberry Beer
,GRAFTON,Pasa Pasha Passion Fruit Beer
https://www.ratebeer.com/beer/grafton-lady-ruby/220391/,GRAFTON,Lady Ruby
https://www.ratebeer.com/beer/grafton-apricot-jungle/257932/,GRAFTON,Apricot Jungle
https://www.ratebeer.com/beer/grafton-caramel-stout/387771/,GRAFTON,Caramel Stout
,GRAFTON,Marmalady Orange Beer
https://www.ratebeer.com/beer/great-heck-christopher/330610/,GREAT HECK,Christopher
https://www.ratebeer.com/beer/great-heck-mount-hood/434861/,GREAT HECK,Mount Hood
https://www.ratebeer.com/beer/great-heck-treasure-ipa/204766/,GREAT HECK,Treasure IPA
https://www.ratebeer.com/beer/green-jack-orange-wheat-beer/33415/,GREEN JACK,Orange Wheat
https://www.ratebeer.com/beer/green-jack-lurcher-stout/87934/,GREEN JACK,Lurcher Stout
https://www.ratebeer.com/beer/green-jack-baltic-trader/109799/,GREEN JACK,Baltic Trader Imperial Stout
https://www.ratebeer.com/beer/gyle-59-take-it-easy/406351/,GYLE 59,Take It Easy
https://www.ratebeer.com/beer/gyle-59-freedom-hiker/289565/,GYLE 59,Freedom Hiker
,GYLE 59,Thoroughbred
https://www.ratebeer.com/beer/gyle-59-toujours/261733/,GYLE 59,Toujours
,GYLE 59,Sejuiced Mousse
https://www.ratebeer.com/beer/gyle-59-brads-coffee-stout/489123/,GYLE 59,Brad's Coffee Stout
https://www.ratebeer.com/beer/gyle-59-nettle-ipa/280468/,GYLE 59,Nettle IPA
https://www.ratebeer.com/beer/gyle-59-dorset-gipa/271180/,GYLE 59,Dorset GIPA
https://www.ratebeer.com/beer/gyle-59-the-favourite/249030/,GYLE 59,The Favourite
https://www.ratebeer.com/beer/gyle-59-starstruck/249033/,GYLE 59,Starstruck
https://www.ratebeer.com/beer/hambleton-bitter/38245/,HAMBLETON,Yorkshire Session Ale
,HARESFOOT,Malty Rye Session Ale
https://www.ratebeer.com/beer/haresfoot-all-rounder/343375/137343/,HARESFOOT,All Rounder
https://www.ratebeer.com/beer/haresfoot-sundial/267218/,HARESFOOT,Sundial Golden Ale
https://www.ratebeer.com/beer/haresfoot-lock-keepers/260153/,HARESFOOT,Lock Keepers Quality English Ale
https://www.ratebeer.com/beer/haresfoot-stardust/416424/,HARESFOOT,Stardust
https://www.ratebeer.com/beer/haresfoot-totem/294570/1/2/,HARESFOOT,Totem American IPA
https://www.ratebeer.com/beer/haresfoot-crafty-hare-stowaway-ipa/502024/,HARESFOOT,English IPA
https://www.ratebeer.com/beer/harveys-india-pale-ale-ipa-cask/324103/,HARVEYS,IPA
https://www.ratebeer.com/beer/harveys-sussex-wild-hop/223230/,HARVEYS,Wild Hop
https://www.ratebeer.com/beer/harveys-sussex-best-bitter-cask/4369/,HARVEYS,Sussex Best Bitter
https://www.ratebeer.com/beer/harveys-armada-ale-cask/4357/,HARVEYS,Armada Ale
,HIGHLAND BREWING,Orkney Blast
https://www.ratebeer.com/beer/holsworthy-great-english-hops/532258/,HOLSWORTHY,Great English Hops
,HOLSWORTHY,Bang On
,HOLSWORTHY,Roar With Pride
https://www.ratebeer.com/beer/hop-back-gfb-gilberts-first-brew/1239/,HOPBACK,GFB
https://www.ratebeer.com/beer/hop-fuzz-the-english/170173/,HOP FUZZ,The English
https://www.ratebeer.com/beer/hopdaemon-skrimshander/15420/,HOPDAEMON,Skrimshander IPA
https://www.ratebeer.com/beer/humpty-dumpty-lemon-ginger-ale/16201/,HUMPTY DUMPTY,Lemon & Ginger
,ISCA,Blonde
https://www.ratebeer.com/brewers/isca-ales--gargoyles/8027/,ISCA,Dawlish Bitter
https://www.ratebeer.com/beer/gargoyles-holcombe-white/151777/,ISCA,Holcombe White
https://www.ratebeer.com/beer/isca-dawlish-ale/471928/,ISCA,Dawlish Pale
https://www.ratebeer.com/brewers/isca-ales--gargoyles/8027/,ISCA,Trumped
https://www.ratebeer.com/beer/jennings-cocker-hoop-bottle/5635/,JENNINGS,Cocker Hoop
https://www.ratebeer.com/beer/kelham-island-riders-on-the-storm/65997/,KELHAM ISLAND,Riders on the Storm
https://www.ratebeer.com/beer/kelham-island-pale-rider/12729/,KELHAM ISLAND,Pale Rider
https://www.ratebeer.com/beer/kent-zingiber/134959/,KENT,Zingiber
,KENT,Cobnut
https://www.ratebeer.com/brewers/kew-brewery/23350/,KEW,Micro Beer
https://www.ratebeer.com/beer/kew-green-black/354293/,KEW,Kew Green (& Black)
,KEW,Pagoda #5
https://www.ratebeer.com/beer/kew-petersham-porter/369771/,KEW,Petersham Porter
https://www.ratebeer.com/beer/kew-richmond/348888/,KEW,Richmond Rye
,KEW,Sandycombe
https://www.ratebeer.com/brewers/kew-brewery/23350/,KEW,Fruitbat
https://www.ratebeer.com/beer/kirkby-lonsdale-jubilee/102561/,KIRKBY LONSDALE,Jubilee Stout
https://www.ratebeer.com/beer/leeds-midnight-bell/77331/,LEEDS,Midnight Bell
https://www.ratebeer.com/beer/little-ox-goldilox/497692/,LITTLE OX,Goldilox
https://www.ratebeer.com/beer/little-ox-oddbod/466954/,LITTLE OX,Oddbod
https://www.ratebeer.com/beer/little-ox-wipeout/466953/,LITTLE OX,Wipeout
https://www.ratebeer.com/beer/little-valley-moor-ale/56771/,LITTLE VALLEY,Moor Ale
https://www.ratebeer.com/beer/loddon-bamboozle/27424/,LODDON,Bamboozle
,LONG MAN,Colossus
https://www.ratebeer.com/beer/lyme-regis-lyme-gold-prev-town-mill/135309/,LYME REGIS,Lyme Gold
https://www.ratebeer.com/beer/lyme-regis-tempest/489366/,LYME REGIS,Tempest
https://www.ratebeer.com/beer/lytham-summer-ale/130209/,LYTHAM,Summer Ale
https://www.ratebeer.com/beer/lytham-golden-mild/526125/,LYTHAM,Golden Mild
https://www.ratebeer.com/beer/lytham-stout/118537/,LYTHAM,Lytham Stout
,MARSTONS,Banks Mild
https://www.ratebeer.com/beer/marstons-old-empire-bottle/24312/,MARSTONS,Old Empire
https://www.ratebeer.com/beer/mauldons-blackberry-porter/141138/,MAULDONS,Blackberry Porter
https://www.ratebeer.com/beer/milestone-raspberry-wheat-beer/73291/,MILESTONE,Raspberry Wheat Beer
https://www.ratebeer.com/beer/millis-curiously-dark-mild/458801/,MILLIS,Curiously Dark Mild
https://www.ratebeer.com/beer/moorhouses-blond-witch-cask/25933/,MOORHOUSE,Blond Witch
https://www.ratebeer.com/beer/moorhouses-witch-hunt/94723/1/2/,MOORHOUSE,Witch Hunt
https://www.ratebeer.com/beer/naylors-velvet/172908/,NAYLORS,Velvet Mild
https://www.ratebeer.com/beer/nelson-pieces-of-eight/64073/,NELSON,Pieces of Eight
,NELSON,Core Commander
https://www.ratebeer.com/beer/nelson-friggin-in-the-riggin/1223/7/1/,NELSON,Friggin in the Riggin
https://www.ratebeer.com/beer/lord-nelson-nelsons-blood/10439/,NELSON,Nelson's Blood
https://www.ratebeer.com/beer/nethergate-old-growler-cask/54883/,NETHERGATE,Old Growler
https://www.ratebeer.com/beer/nine-standards-no3-porter/300312/,NINE STANDARDS,No 3 Porter
https://www.ratebeer.com/beer/oakham-green-devil-ipa/149716/,OAKHAM,Green Devil IPA
https://www.ratebeer.com/beer/old-mill-traditional-mild/6736/,OLD MILL,Old Mill Mild
https://www.ratebeer.com/beer/kern-river-just-outstanding-ipa/60743/,OUTSTANDING,IPA
https://www.ratebeer.com/beer/paradigm-low-hanging-fruit/352324/,PARADIGM,Low Hanging Fruit
,PARADIGM,Fake News
https://www.ratebeer.com/beer/paradigm-touch-point/363991/,PARADIGM,Touchpoint
https://www.ratebeer.com/beer/paradigm-juxtaposition/442114/,PARADIGM,Juxtaposition
https://www.ratebeer.com/beer/paradigm-heads-up/497693/,PARADIGM,Heads Up
https://www.ratebeer.com/beer/paradigm-win-win/363990/,PARADIGM,Win Win
,PARADIGM,Old School
https://www.ratebeer.com/beer/park-killcat-pale/310404/,PARK,Killcat Pale
https://www.ratebeer.com/beer/stanley-park-summer-pale-ale/270012/216574/,PARK,Summer Pale
https://www.ratebeer.com/beer/park-gallows-gold/310405/,PARK,Gallows Gold
https://www.ratebeer.com/beer/park-spankers-ipa/310407/,PARK,Spankers IPA
https://www.ratebeer.com/beer/peerless-red-rocks/102630/,PEERLESS,Red Rocks
https://www.ratebeer.com/beer/phoenix-monkeytown-mild/44771/,PHOENIX,Monkeytown Mild
https://www.ratebeer.com/beer/platform-5-coaster/320383/,PLATFORM 5,Coaster
https://www.ratebeer.com/beer/platform-5-the-antelope/320384/,PLATFORM 5,Antelope
https://www.ratebeer.com/beer/platform-5-american-pale-ale/512019/,PLATFORM 5,American Pale Ale
https://www.ratebeer.com/beer/portobello-vpa/206172/,PORTOBELLO,VPA
https://www.ratebeer.com/beer/portobello-westway-pale-ale/346517/,PORTOBELLO,Westway
https://www.ratebeer.com/beer/portobello-carnival-pale/220642/,PORTOBELLO,Carnival Pale
https://www.ratebeer.com/beer/portobello-summer-blonde/284713/,PORTOBELLO,Summer Blonde
https://www.ratebeer.com/beer/portobello-london-pilsner/209246/,PORTOBELLO,Pilsner Cask
https://www.ratebeer.com/beer/portobello-market-porter/199591/,PORTOBELLO,Market Porter
https://www.ratebeer.com/beer/portobello-american-pale-ale/207677/,PORTOBELLO,APA
https://www.ratebeer.com/beer/portobello-stiff-lip-ipa/398143/,PORTOBELLO,Stiff Lip IPA
https://www.ratebeer.com/beer/prospect-nutty-slack/88345/,PROSPECT,Nutty Slack
https://www.ratebeer.com/beer/purple-moose-madogs-ale--cwrw-madog/50456/,PURPLE MOOSE,Madog's Ale
https://www.ratebeer.com/beer/range-ales-golden-shot/427528/,RANGE,Golden Shot
https://www.ratebeer.com/beer/range-ales-double-tap/427527/,RANGE,Double Tap
,RANGE,Black Ops
https://www.ratebeer.com/beer/ringwood-fortyniner-bottle/177180/,RINGWOOD,Fortyniner
https://www.ratebeer.com/beer/robinsons-double-hop-cask/67888/,ROBINSONS,Double Hop IPA
https://www.ratebeer.com/beer/rudgate-york-chocolate-stout/171852/,RUDGATE,York Chocolate Stout
https://www.ratebeer.com/beer/rudgate-valkyrie-apa/442815/,RUDGATE,Valkyrie APA
https://www.ratebeer.com/beer/rudgate-nordic-storm/173669/,RUDGATE,Nordic Storm
https://www.ratebeer.com/beer/salopian-hop-twister/65389/,SALOPIAN,Hop Twister
https://www.ratebeer.com/beer/salopian-lemon-dream/22846/,SALOPIAN,Lemon Dream
https://www.ratebeer.com/beer/saltaire-elderflower-blonde/107524/,SALTAIRE,Elderflower Blonde
https://www.ratebeer.com/beer/saltaire-raspberry-blonde/106241/,SALTAIRE,Raspberry Blonde
https://www.ratebeer.com/beer/saltaire-blackberry-cascade/87332/,SALTAIRE,Blackberry Cascade
https://www.ratebeer.com/beer/saltaire-cascadian-black/134605/,SALTAIRE,Cascadian Black IPA
https://www.ratebeer.com/beer/sambrooks-session/318981/,SAMBROOKS,Session Pale Ale
https://www.ratebeer.com/beer/sambrooks-wandle/98632/,SAMBROOKS,Wandle
https://www.ratebeer.com/beer/sambrooks-lavender-hill/178739/,SAMBROOKS,Lavender Hill
https://www.ratebeer.com/beer/sherfield-village-tba/402249/,SHERFIELD VILLAGE,TBA
https://www.ratebeer.com/beer/sherfield-village-best-of-both-worlds/409695/,SHERFIELD VILLAGE,Best of Both Worlds
https://www.ratebeer.com/beer/sherfield-village-pioneer-stout/152226/,SHERFIELD VILLAGE,Pioneer Stout
https://www.ratebeer.com/beer/skinners-ginger-tosser/90181/,SKINNERS,Ginger Tosser
https://www.ratebeer.com/beer/slaters-citrus/217794/,SLATERS,Citrus
https://www.ratebeer.com/beer/slightly-foxed-flying-fox/221014/,SLIGHTLY FOXED,Flying Fox Apricot Pale Ale
https://www.ratebeer.com/beer/sonnet-43-the-raven-bourbon-milk-stout/207398/,SONNET 43,Raven
https://www.ratebeer.com/beer/southwark-bankside-blonde/325020/3/1/,SOUTHWARK,Bankside Blonde
https://www.ratebeer.com/beer/southwark-london-pale-ale-lpa/292506/,SOUTHWARK,LPA
https://www.ratebeer.com/beer/southwark-harvard/306373/,SOUTHWARK,Harvard American Pale Ale
https://www.ratebeer.com/beer/stonehenge-great-bustard/30303/,STONEHENGE,Great Bustard
https://www.ratebeer.com/beer/strathaven-ebony/464880/,STRATHAVEN,Ebony Oatmeal Stout
,STRATHAVEN,Blue Moon
https://www.ratebeer.com/beer/strathaven-festival-ale/219275/1/2/,STRATHAVEN,Cherry Dark
,STRATHAVEN,Grandstand
https://www.ratebeer.com/beer/titanic-cappuccino-stout/161193/,STRATHAVEN,Cappuccino Stout
http://www.ratebeer.com/places/customshelftagprint.asp?placeid=22282,STRATHAVEN,Raspberry Wheat (Hazy)
,STRATHAVEN,Captain Smith
https://www.ratebeer.com/beer/tring-brock-bitter/55925/,TRING,Brock Bitter
https://www.ratebeer.com/beer/tring-pale-four/356083/,TRING,Pale + Four
,TRING,Redhead
https://www.ratebeer.com/beer/tryst-raj-india-pale-ale/101646/,TRYST,Raj IPA
https://www.ratebeer.com/beer/twickenham-sundancer/5786/,TWICKENHAM,Sundancer
https://www.ratebeer.com/beer/twickenham-naked-ladies/70004/,TWICKENHAM,Naked Ladies
https://www.ratebeer.com/beer/twickenham-summer-sun/149728/,TWICKENHAM,Summer Sun
https://www.ratebeer.com/brewers/twickenham-fine-ales/5512/,TWICKENHAM,Gothick Dark
https://www.ratebeer.com/beer/twickenham-london-gold/149244/,TWICKENHAM,London Gold
https://www.ratebeer.com/beer/twickenham-daisy-cutter/59262/,TWICKENHAM,Daisy Cutter
https://www.ratebeer.com/beer/upham-tipster/254014/,UPHAM,Tipster
,UPHAM,Brill Gold
,UPHAM,Vale Best
https://www.ratebeer.com/beer/northern-monk-eternal-session-ipa/308597/,IPA resulting in a thirst quenching beer with a,A Bigger Boat
https://www.ratebeer.com/forums/could-someone-do-me-a-favour-please_104256.htm,IPA resulting in a thirst quenching beer with a,Gravitas 4.8%
https://www.ratebeer.com/beer/vip-village-gossip/334537/,VIP,The Village Gossip
https://www.ratebeer.com/beer/vip-alnwick-amber-ale/532230/,VIP,Alnwick Amber Ale
https://www.ratebeer.com/beer/vip-the-village-bike/266351/,VIP,The Village Bike
https://www.ratebeer.com/beer/vip-the-village-bike/266351/,VIP,The Village Lite
https://www.ratebeer.com/beer/alnwick-gold/292577/,VIP,Alnwick Gold
https://www.ratebeer.com/beer/vip-alnwick-amber-ale/532230/,VIP,Alnwick IPA
https://www.ratebeer.com/beer/vip-the-village-ghost/266404/,VIP,The Village Ghost
https://www.ratebeer.com/brewers/vip-brewery/19696/,VIP,The Village Life
https://www.ratebeer.com/beer/wantsum-black-pig/116646/,WANTSUM,Black Pig
https://www.ratebeer.com/beer/weird-beard-little-things-that-kill-batch-1/218836/,WEIRD BEARD,Little Things That Kill
https://www.ratebeer.com/beer/weird-beard-decadence/208708/,WEIRD BEARD,Decadence Stout
https://www.ratebeer.com/beer/weird-beard-hit-the-lights/208710/,WEIRD BEARD,Hit the Lights
https://www.ratebeer.com/beer/weird-beard-peat-rock/506025/,WEIRD BEARD,Peat Rock
https://www.ratebeer.com/beer/weird-beard-sorachi-face-plant/302320/,WEIRD BEARD,Sorachi Faceplant
https://www.ratebeer.com/beer/weird-beard-follow-the-worms/507722/,WEIRD BEARD,Follow the Worms
,WEIRD BEARD,Henrietta
,WEIRD BEARD,Red Feather
,WEIRD BEARD,Harley
,WEIRD BEARD,Portland Black
https://www.ratebeer.com/beer/wells-eagle-ipa-cask/4466/,WELLS,Eagle IPA
https://www.ratebeer.com/beer/youngs-bitter-cask/44387/,WELLS,Young’s Bitter
https://www.ratebeer.com/beer/youngs-london-gold--kew-gold-cask/106744/,WELLS,Young’s London Gold
https://www.ratebeer.com/beer/wells-bombardier-glorious-english-bottle/4463/,WELLS,Bombardier
https://www.ratebeer.com/beer/youngs-special-london-ale/140/,WELLS,Young’s Special
https://www.ratebeer.com/beer/wild-weather-serendipity/416385/,WILD WEATHER,Serendipity
https://www.ratebeer.com/beer/wild-weather-betrayal-mosaic/469479/,WILD WEATHER,Betrayal
https://www.ratebeer.com/beer/wild-weather-back-to-the-winchester/531393/,WILD WEATHER,Back To The Winchester
,WILD WEATHER,Be Hop A Lula
,WINDSOR & ETON,Parklife
https://www.ratebeer.com/beer/windsor-eton-knight-of-the-garter/127123/,WINDSOR & ETON,Knight of the Garter
https://www.ratebeer.com/beer/windsor-eton--4-pines-corker/346233/,WINDSOR & ETON,Corker Summer Bitter
https://www.ratebeer.com/beer/windsor-eton-firefly/436169/73218/,WINDSOR & ETON,Firefly Blonde
https://www.ratebeer.com/beer/windsor-eton-windsor-knot/142775/,WINDSOR & ETON,Windsor Knot
https://www.ratebeer.com/beer/windsor-eton-guardsman/124528/,WINDSOR & ETON,Guardsman
https://www.ratebeer.com/beer/windsor-eton-boatman/180329/,WINDSOR & ETON,Eton Boatman
https://www.ratebeer.com/beer/windsor-eton-kohinoor-bottle/172029/,WINDSOR & ETON,Kohinoor IPA
https://www.ratebeer.com/beer/wold-top-anglers-reward/146884/,WOLD TOP,Angler's Reward
https://www.ratebeer.com/beer/wolf-lavender-honey/19467/,WOLF,Norfolk Lavender Honey
https://www.ratebeer.com/beer/worsthorne-blackthorne-stout/237677/,WORSTHORNE,Blackthorne Stout
,WYCHWOOD,Hobgoblin Original
,XT,4
,XT,2
,XT,3
,XT,1
https://www.ratebeer.com/beer/xt-13-pacific-red-ale/201819/,XT,13 Pacific Red Ale
https://www.ratebeer.com/beer/xt-15-english-ipa/316015/,XT,15 English IPA
,XT,17
,XT,9
https://www.ratebeer.com/beer/york-guzzler-cask/19405/,YORK,Guzzler
https://www.ratebeer.com/beer/yorkshire-heart-rhu-bar-beer/320120/,YORKSHIRE HEART,Rhu Bar Beer
http://www.ratebeer.com/beer/yorkshire-heart-get-pithed/322209/,YORKSHIRE HEART,Get Pithed Orange Fruit Beer
https://www.ratebeer.com/beer/yorkshire-heart-black-heart-stout/224411/4953/,YORKSHIRE HEART,Blackheart Stout
